{"cameraMode":{"drawMode":0,"name":"Shaded","section":"Shading Mode"},"sceneLighting":true,"audioPlay":false,"sceneViewState":{"m_AlwaysRefresh":false,"showFog":true,"showSkybox":true,"showFlares":true,"showImageEffects":true,"showParticleSystems":true,"showVisualEffectGraphs":true,"m_FxEnabled":true},"in2DMode":false,"pivot":{"x":12.874855041503907,"y":1.5543606281280518,"z":25.157066345214845},"rotation":{"x":0.013657822273671627,"y":0.8009009957313538,"z":-0.01826678216457367,"w":0.5983878374099731},"size":2.7196176052093508,"orthographic":false}