{"cameraMode":{"drawMode":0,"name":"Shaded","section":"Shading Mode"},"sceneLighting":false,"audioPlay":false,"sceneViewState":{"m_AlwaysRefresh":false,"showFog":true,"showSkybox":false,"showFlares":true,"showImageEffects":true,"showParticleSystems":true,"showVisualEffectGraphs":true,"m_FxEnabled":true},"in2DMode":false,"pivot":{"x":0.0002563297748565674,"y":0.612618625164032,"z":-0.015341728925704956},"rotation":{"x":0.07617063820362091,"y":-0.4050472676753998,"z":0.03374641761183739,"w":0.9106440544128418},"size":0.8735324144363403,"orthographic":false}