{"cameraMode":{"drawMode":0,"name":"Shaded","section":"Shading Mode"},"sceneLighting":true,"audioPlay":false,"sceneViewState":{"m_AlwaysRefresh":false,"showFog":true,"showSkybox":true,"showFlares":true,"showImageEffects":true,"showParticleSystems":true,"showVisualEffectGraphs":true,"m_FxEnabled":true},"in2DMode":false,"pivot":{"x":7.62147855758667,"y":0.6808724403381348,"z":32.19361877441406},"rotation":{"x":0.11104804277420044,"y":0.02384413592517376,"z":-0.002665118779987097,"w":0.9935263395309448},"size":1.2196178436279297,"orthographic":false}