{"cameraMode":{"drawMode":0,"name":"Shaded","section":"Shading Mode"},"sceneLighting":true,"audioPlay":false,"sceneViewState":{"m_AlwaysRefresh":false,"showFog":true,"showSkybox":false,"showFlares":true,"showImageEffects":true,"showParticleSystems":true,"showVisualEffectGraphs":true,"m_FxEnabled":true},"in2DMode":false,"pivot":{"x":5.0960001945495609,"y":-1.8109999895095826,"z":-14.401000022888184},"rotation":{"x":0.1394314020872116,"y":0.6846237778663635,"z":-0.13583356142044068,"w":0.7025046348571777},"size":0.8660253882408142,"orthographic":false}